N,P,K,temperature,humidity,ph,rainfall,label
98.37,31.0,41.0,20.68,72.09,6.85,182.75,wheat
65.22,46.88,31.19,20.62,65.16,5.55,71.81,wheat
98.99,51.8,38.82,25.07,74.28,5.51,168.93,wheat
101.89,43.61,36.22,29.49,60.1,5.69,55.47,wheat
110.85,54.15,62.29,26.76,66.09,7.45,100.57,wheat
93.12,63.18,54.74,28.34,67.32,6.91,47.33,rice
73.67,41.58,33.19,20.79,53.03,6.06,141.71,rice
81.89,44.81,38.38,21.2,78.1,6.8,137.46,rice
70.27,59.17,36.54,22.55,79.69,6.78,129.11,rice
101.08,63.71,61.04,20.75,50.96,6.13,82.84,rice
72.66,67.72,65.05,21.78,69.66,6.29,186.33,maize
87.53,40.6,39.87,24.74,57.88,6.67,183.65,maize
83.96,38.77,69.9,24.11,52.73,5.59,57.54,maize
97.65,61.68,46.89,18.76,61.45,7.49,124.66,maize
118.26,64.43,30.46,26.65,70.45,6.57,82.69,maize
98.46,34.46,47.39,23.44,78.61,7.25,82.14,barley
90.04,37.15,66.51,28.45,58.95,6.78,137.44,barley
69.17,60.5,51.58,27.34,65.91,5.5,91.86,barley
61.17,67.16,65.15,27.98,59.23,5.62,180.48,barley
116.82,33.43,49.44,18.83,72.82,7.03,60.54,barley
88.52,51.99,40.6,28.47,62.69,5.92,126.29,sorghum
103.8,38.05,42.47,29.94,69.5,6.38,122.81,sorghum
67.26,38.99,43.52,25.06,56.9,5.94,51.36,sorghum
97.87,39.16,66.22,28.32,52.13,5.98,147.04,sorghum
72.85,35.29,67.42,24.85,64.18,7.07,169.2,sorghum
71.42,33.88,47.24,23.08,64.01,6.96,147.74,millet
119.05,33.94,46.1,22.07,75.85,6.0,70.43,millet
86.92,46.88,41.14,21.0,77.7,6.39,177.82,millet
93.02,32.02,69.97,28.03,79.07,7.35,175.79,millet
69.98,49.43,38.55,22.81,51.76,6.26,197.65,millet
75.91,61.36,48.2,23.08,78.72,7.49,128.92,bajra
103.1,36.19,41.87,29.62,67.38,6.58,159.68,bajra
63.43,53.37,50.11,28.23,54.72,7.42,52.82,bajra
71.15,53.8,57.01,20.82,53.6,7.28,79.39,bajra
95.67,54.78,46.77,25.0,65.68,7.37,72.68,bajra
102.97,39.55,45.83,26.06,59.0,6.13,160.3,ragi
64.35,48.33,69.94,29.95,52.2,5.93,82.43,ragi
116.0,65.23,65.17,22.43,54.73,7.17,152.57,ragi
96.7,69.49,56.16,18.09,74.51,6.1,146.14,ragi
116.34,35.37,34.62,19.28,66.6,6.04,136.77,ragi
103.06,38.14,55.37,21.17,64.66,7.31,175.38,oats
65.54,46.94,41.07,18.04,73.13,6.77,81.91,oats
104.47,52.07,47.11,18.12,52.26,7.27,184.63,oats
92.74,63.38,53.3,19.78,53.82,6.12,183.84,oats
107.77,64.43,65.96,20.52,57.49,5.71,164.82,oats
113.05,46.26,54.83,19.85,77.9,7.23,196.19,rye
108.65,65.26,30.99,26.84,59.97,7.36,168.36,rye
111.84,62.43,40.67,27.45,53.24,7.24,177.37,rye
73.35,62.66,48.41,21.66,73.86,5.96,43.79,rye
71.59,43.13,64.57,29.6,58.37,6.78,103.95,rye
59.25,41.45,57.57,21.15,69.11,6.27,116.63,lentil
30.62,24.34,37.38,27.29,49.41,6.91,76.03,lentil
35.41,43.06,30.19,27.09,40.05,7.39,78.46,lentil
48.78,49.68,46.83,23.64,42.1,7.0,59.72,lentil
32.56,53.92,48.79,23.0,49.28,6.61,66.22,lentil
31.83,25.09,36.82,29.4,60.32,7.35,85.4,chickpea
32.04,41.92,20.02,22.87,52.9,6.87,88.92,chickpea
38.6,37.69,28.55,24.73,67.04,7.19,45.27,chickpea
23.39,40.62,45.32,23.35,64.55,7.13,90.55,chickpea
28.99,27.97,20.98,22.45,54.25,7.27,36.55,chickpea
36.58,45.19,27.78,26.96,54.83,6.37,89.05,pigeonpea
20.22,50.04,50.8,21.07,52.75,6.26,116.22,pigeonpea
40.72,22.01,29.97,28.48,53.69,7.2,90.08,pigeonpea
59.52,43.82,58.0,28.91,58.38,7.08,75.43,pigeonpea
53.22,41.91,55.89,27.44,54.24,6.39,52.25,pigeonpea
45.51,50.63,40.85,26.27,48.24,6.12,55.72,blackgram
30.87,32.79,41.61,21.38,46.94,7.04,93.58,blackgram
22.57,36.3,41.7,24.16,46.21,6.63,111.44,blackgram
43.36,47.82,54.27,27.66,51.41,6.01,61.66,blackgram
50.14,54.14,58.14,24.19,62.43,6.82,84.29,blackgram
28.82,28.78,37.43,20.29,50.08,7.02,66.39,mungbean
26.6,38.7,25.11,26.22,40.81,6.59,80.8,mungbean
21.08,45.71,25.43,24.62,41.51,6.57,49.05,mungbean
33.07,50.45,35.17,27.52,64.96,6.38,37.37,mungbean
20.78,41.58,60.0,23.5,59.5,7.17,88.66,mungbean
50.17,57.98,27.97,20.2,44.57,6.19,90.25,cowpea
42.56,28.72,47.98,27.67,45.03,6.91,97.31,cowpea
24.58,52.77,58.59,21.08,40.77,6.47,90.96,cowpea
58.33,35.87,48.6,20.76,60.72,6.94,39.17,cowpea
50.9,54.01,44.02,21.21,69.52,7.17,61.25,cowpea
37.14,34.82,40.24,23.41,65.49,7.23,39.5,lablab
58.43,45.42,53.15,27.07,53.06,7.1,116.89,lablab
30.8,52.33,41.53,24.83,53.07,7.1,54.16,lablab
54.07,53.23,23.47,28.82,47.32,6.7,84.93,lablab
35.16,21.15,54.04,21.82,46.36,7.2,60.63,lablab
55.21,48.05,31.05,20.1,68.44,6.13,94.81,horsegram
39.54,50.33,47.62,26.46,54.72,7.19,38.37,horsegram
28.86,47.67,32.25,25.82,54.2,6.8,68.3,horsegram
49.84,33.23,48.11,22.71,47.54,6.18,47.33,horsegram
24.78,41.43,50.49,21.85,46.49,6.73,95.21,horsegram
59.06,40.99,31.32,21.01,45.82,6.34,46.15,fieldpea
20.57,41.37,30.97,29.74,56.6,7.05,41.37,fieldpea
54.74,39.64,54.91,25.74,54.08,6.66,46.59,fieldpea
22.06,57.64,39.11,28.22,52.02,6.11,86.65,fieldpea
22.14,25.97,42.51,23.04,69.82,6.18,98.8,fieldpea
44.25,51.63,29.03,25.23,53.52,6.66,107.41,teparybean
59.6,32.22,44.84,26.1,62.2,7.42,48.7,teparybean
28.44,46.42,26.28,21.74,42.25,6.0,70.55,teparybean
43.75,31.65,29.26,27.07,61.09,6.68,91.86,teparybean
56.96,51.51,45.0,26.61,68.01,6.64,79.01,teparybean
45.91,56.34,53.07,20.71,44.98,6.46,97.41,soybean
42.77,31.54,24.97,26.89,60.99,7.41,75.04,soybean
39.75,23.22,21.59,24.32,49.67,6.38,38.22,soybean
58.48,53.44,43.01,29.51,69.99,7.01,54.26,soybean
21.61,50.25,38.82,26.52,67.48,6.27,82.68,soybean
71.74,44.67,28.65,22.87,50.0,7.01,107.2,groundnut
56.49,52.75,36.53,31.23,64.41,6.83,70.93,groundnut
55.73,37.93,63.81,23.66,55.44,7.48,89.19,groundnut
67.13,41.53,32.5,23.06,62.69,6.94,98.4,groundnut
50.18,46.97,62.11,24.13,60.95,6.18,117.58,groundnut
70.44,34.57,31.34,25.71,56.57,6.14,119.3,sunflower
85.65,43.46,29.7,29.65,54.95,7.07,75.8,sunflower
53.67,58.39,64.21,21.41,56.54,6.58,112.97,sunflower
65.41,60.17,59.56,21.87,63.7,6.62,114.08,sunflower
65.39,57.82,36.31,22.18,57.61,7.5,74.07,sunflower
47.43,46.54,38.8,25.73,56.3,6.68,58.96,sesame
49.43,52.9,47.87,21.27,63.27,6.07,97.02,sesame
75.26,57.46,40.44,27.29,64.62,7.47,74.58,sesame
41.85,45.09,48.61,30.18,66.23,6.66,77.34,sesame
62.85,53.9,41.4,27.17,44.63,6.7,117.23,sesame
56.93,52.71,50.99,29.92,65.57,7.29,64.2,mustard
55.83,53.75,55.38,30.21,41.08,6.1,86.8,mustard
86.05,64.9,54.87,24.08,42.95,6.95,108.53,mustard
62.18,52.76,61.14,18.64,63.88,6.44,63.74,mustard
47.28,46.25,47.64,29.1,45.1,6.12,108.38,mustard
70.99,34.63,61.51,20.0,53.83,6.38,52.98,rapeseed
40.47,57.19,61.05,27.49,44.74,6.66,61.1,rapeseed
69.38,50.56,41.97,21.5,65.36,6.3,64.62,rapeseed
64.16,34.49,47.88,26.05,69.78,6.44,118.02,rapeseed
72.91,35.98,47.64,27.6,62.34,6.07,84.58,rapeseed
64.84,61.17,36.45,29.18,58.21,6.53,87.3,linseed
71.04,52.11,53.84,27.23,65.15,6.94,111.31,linseed
72.32,37.36,42.63,26.11,61.97,6.14,56.56,linseed
77.37,32.03,30.29,25.55,69.14,6.8,112.21,linseed
81.52,35.28,57.99,24.75,64.19,7.12,60.48,linseed
45.76,63.52,30.63,31.53,65.8,7.09,118.19,castor
88.36,57.18,39.63,29.07,40.42,6.8,70.93,castor
73.64,51.89,48.38,29.51,68.21,6.16,51.04,castor
41.25,60.37,47.46,30.81,46.64,6.09,104.15,castor
85.47,37.09,41.33,19.96,68.39,6.46,74.34,castor
44.86,60.49,30.43,24.35,60.11,7.11,115.14,safflower
60.96,54.69,31.18,23.81,42.97,6.73,66.73,safflower
87.58,26.31,39.82,24.21,68.52,7.28,38.94,safflower
74.28,46.78,64.11,23.02,51.94,6.28,40.99,safflower
82.4,43.19,51.51,26.98,57.91,6.03,100.81,safflower
52.18,30.04,47.58,18.96,62.95,6.31,49.44,nigerseed
83.48,38.14,30.9,30.61,40.09,7.29,43.02,nigerseed
46.5,35.03,31.98,27.25,40.77,6.02,101.1,nigerseed
51.9,37.95,31.97,18.73,62.25,6.79,97.11,nigerseed
63.81,56.12,45.53,19.53,55.12,7.42,33.9,nigerseed
124.83,74.68,60.86,21.87,83.74,5.62,92.69,potato
98.11,67.44,59.61,28.65,52.57,5.66,106.91,potato
74.6,51.0,65.32,23.23,61.38,7.49,98.36,potato
101.76,64.22,43.97,25.53,79.85,6.8,124.59,potato
120.46,48.6,58.06,18.43,61.86,6.41,85.76,potato
76.66,57.07,66.6,20.61,55.34,7.35,47.38,tomato
128.22,43.73,43.86,26.08,78.41,6.61,104.51,tomato
109.31,53.19,44.89,20.3,73.29,7.0,135.49,tomato
120.47,78.74,64.02,20.27,70.23,5.93,112.24,tomato
85.7,44.33,73.81,20.51,76.69,6.65,128.79,tomato
129.16,78.98,72.74,24.2,72.49,5.55,142.2,onion
128.06,50.7,47.22,25.54,60.81,6.18,40.67,onion
130.89,62.65,56.03,17.13,72.16,5.56,122.07,onion
85.06,56.79,53.64,20.55,75.26,7.05,102.44,onion
75.95,42.1,46.3,24.27,73.59,6.04,112.81,onion
104.0,57.68,50.93,26.32,53.98,6.36,71.16,garlic
117.49,59.47,66.69,15.68,63.83,6.7,40.85,garlic
91.1,48.45,45.49,18.83,61.48,5.52,122.17,garlic
82.3,55.21,68.15,22.5,79.17,7.11,47.93,garlic
130.32,41.69,40.75,28.82,80.17,6.65,103.07,garlic
119.66,56.71,44.61,15.31,61.37,7.1,107.99,carrot
128.24,76.79,43.53,27.67,58.52,6.68,97.64,carrot
97.7,52.41,53.58,20.0,55.88,6.52,52.54,carrot
105.7,76.24,53.98,25.91,78.66,7.13,65.99,carrot
80.25,47.89,64.1,26.4,72.94,5.85,125.01,carrot
104.59,70.18,70.4,21.73,82.35,6.63,109.88,radish
113.72,74.57,65.09,17.26,52.39,6.38,73.31,radish
89.23,42.25,60.29,19.66,65.82,5.61,131.49,radish
75.37,74.57,74.21,24.23,67.75,6.43,100.97,radish
125.43,75.84,57.99,27.15,72.81,6.14,92.32,radish
80.56,42.47,44.14,28.49,62.02,6.93,95.5,turnip
82.08,49.91,57.51,21.59,68.3,5.82,81.01,turnip
89.8,56.35,53.53,23.97,77.62,6.79,47.25,turnip
76.62,67.14,51.37,25.86,72.98,7.31,136.06,turnip
93.34,63.31,45.66,20.25,83.87,6.9,83.12,turnip
111.65,77.52,52.38,20.65,77.71,7.13,113.71,beetroot
128.03,69.55,67.42,22.9,72.61,6.35,79.8,beetroot
95.38,47.21,48.57,29.22,67.02,5.95,55.13,beetroot
75.4,73.78,44.05,26.56,79.23,7.27,44.15,beetroot
93.57,70.65,45.24,20.65,55.68,7.16,124.82,beetroot
126.63,46.62,57.51,21.16,73.67,5.98,88.86,cabbage
89.94,69.94,57.96,23.01,60.83,7.12,91.59,cabbage
128.46,54.71,77.89,29.77,66.16,6.06,82.01,cabbage
106.92,78.65,72.68,27.02,54.84,6.0,110.53,cabbage
131.19,62.18,44.1,27.69,79.79,6.07,123.94,cabbage
89.1,76.21,45.89,21.56,83.12,5.94,89.62,cauliflower
94.47,41.07,42.13,22.53,58.25,7.49,81.24,cauliflower
71.97,77.23,73.57,24.75,77.7,5.78,71.56,cauliflower
128.08,67.84,45.55,25.58,65.7,5.51,48.71,cauliflower
87.91,73.4,61.95,25.91,68.47,5.72,71.69,cauliflower
91.08,41.91,56.79,26.91,66.0,5.72,139.57,broccoli
111.77,40.66,60.62,18.63,55.03,6.36,107.63,broccoli
86.84,56.66,66.57,16.28,84.11,5.64,97.87,broccoli
105.51,79.53,62.17,20.86,66.45,6.77,147.91,broccoli
87.76,40.65,71.54,20.17,75.65,6.76,124.87,broccoli
121.46,53.3,41.77,23.19,78.47,5.85,125.71,lettuce
102.52,67.82,65.27,27.17,52.21,7.05,90.34,lettuce
90.54,41.75,47.98,15.63,82.67,6.53,148.8,lettuce
108.01,50.13,70.13,17.87,62.49,7.06,135.24,lettuce
93.23,44.98,54.72,28.34,76.02,7.29,82.53,lettuce
138.16,59.85,59.9,28.86,68.17,7.1,119.98,spinach
75.52,64.1,72.89,23.18,61.24,5.66,112.7,spinach
91.45,64.1,57.04,25.35,62.3,5.58,135.7,spinach
94.68,79.93,50.98,29.7,83.18,5.65,110.13,spinach
95.43,72.04,67.18,29.29,55.0,6.72,125.94,spinach
72.44,42.69,71.14,20.49,63.4,6.63,106.56,amaranth
117.53,77.95,54.88,26.45,70.09,6.56,83.78,amaranth
115.47,49.98,44.54,26.04,67.47,6.27,101.78,amaranth
88.32,50.41,57.85,29.95,60.0,7.33,94.03,amaranth
78.58,74.11,58.08,28.48,65.58,5.68,115.01,amaranth
129.19,52.78,53.9,15.97,68.98,7.28,133.65,fenugreek
119.83,77.09,65.51,26.91,67.81,5.74,62.11,fenugreek
79.72,71.61,41.05,23.31,62.91,7.11,100.68,fenugreek
112.84,43.45,52.37,29.99,75.16,6.55,124.61,fenugreek
127.63,42.95,78.9,24.64,65.75,6.86,77.9,fenugreek
131.46,71.21,65.59,17.73,83.82,6.37,140.18,okra
73.88,44.97,46.12,17.47,61.29,6.92,78.06,okra
135.86,75.8,73.84,18.76,72.23,6.6,53.77,okra
91.2,61.34,60.1,17.53,82.96,5.81,112.46,okra
120.44,64.21,73.7,23.45,78.88,5.56,45.0,okra
114.9,63.07,66.05,26.5,64.58,6.78,94.78,brinjal
113.9,51.59,78.27,22.24,78.16,6.87,72.72,brinjal
75.11,42.4,57.58,22.26,57.14,6.71,74.38,brinjal
120.29,69.37,74.43,29.63,54.58,6.24,101.78,brinjal
92.34,58.66,50.7,18.72,53.39,6.08,82.26,brinjal
113.08,49.93,74.61,17.4,61.46,6.66,74.4,capsicum
123.42,59.93,60.59,22.48,60.8,5.55,143.98,capsicum
105.38,78.67,48.61,20.29,51.77,6.49,137.06,capsicum
115.8,58.82,61.47,27.71,65.08,7.26,120.03,capsicum
123.47,54.64,56.02,23.55,56.81,6.61,48.09,capsicum
105.3,70.58,51.19,29.84,73.81,5.74,147.26,chilli
97.57,71.8,53.56,29.08,76.42,5.9,96.0,chilli
105.01,41.81,45.48,20.0,66.58,6.41,106.69,chilli
106.09,53.12,64.52,17.44,84.67,6.98,72.92,chilli
93.55,73.13,61.29,25.63,60.49,7.13,80.52,chilli
117.17,79.2,63.35,26.95,75.39,6.88,42.93,pea
103.22,78.68,71.32,26.64,70.22,6.94,104.19,pea
81.94,65.16,64.79,27.62,55.17,6.86,43.47,pea
136.37,44.4,40.76,19.71,55.3,6.88,85.14,pea
124.25,76.82,74.91,26.04,52.18,5.78,62.81,pea
92.75,66.49,61.02,19.71,56.06,7.32,77.66,pumpkin
94.8,70.88,68.84,24.65,74.27,6.72,61.15,pumpkin
87.26,62.32,48.99,29.59,60.42,6.08,62.8,pumpkin
119.35,52.68,53.95,29.01,77.84,6.05,53.41,pumpkin
117.36,55.19,79.21,27.28,83.41,7.11,71.95,pumpkin
90.13,68.57,53.85,21.64,58.98,6.46,62.23,bottle_gourd
107.7,77.32,67.85,17.06,71.55,6.67,66.67,bottle_gourd
116.89,61.24,65.52,15.79,64.47,6.93,51.06,bottle_gourd
123.95,40.21,62.01,28.94,64.24,7.37,136.62,bottle_gourd
103.42,47.98,78.56,19.82,72.61,7.32,49.84,bottle_gourd
110.19,61.41,68.92,29.05,81.96,5.85,137.05,ridge_gourd
82.31,76.79,79.89,20.95,67.34,7.37,145.83,ridge_gourd
134.82,75.07,40.37,23.52,53.76,7.47,71.3,ridge_gourd
139.24,61.73,59.76,29.08,79.79,6.44,61.21,ridge_gourd
77.89,46.5,58.36,18.86,56.52,6.97,126.98,ridge_gourd
109.74,70.29,47.02,27.84,81.4,7.15,96.68,bitter_gourd
76.07,66.77,47.39,17.11,61.33,6.0,68.69,bitter_gourd
86.49,70.15,78.16,19.53,75.3,5.52,111.91,bitter_gourd
118.49,42.48,44.73,19.6,64.19,6.51,138.46,bitter_gourd
119.25,52.44,44.7,28.74,60.33,6.73,64.1,bitter_gourd
79.35,46.13,69.91,24.09,64.55,6.6,91.79,snake_gourd
107.63,66.56,48.74,18.71,76.42,7.25,49.01,snake_gourd
101.27,68.15,43.12,23.46,52.16,6.6,95.6,snake_gourd
110.09,45.99,53.12,22.81,54.07,5.91,104.15,snake_gourd
76.37,60.42,72.35,21.8,67.96,6.41,46.35,snake_gourd
102.37,72.28,68.93,20.94,78.58,6.99,103.61,ash_gourd
73.17,53.78,42.55,29.91,82.71,5.64,142.72,ash_gourd
72.22,56.35,70.76,26.49,84.24,6.79,86.24,ash_gourd
139.5,55.3,74.78,28.6,63.15,6.87,112.8,ash_gourd
107.75,66.14,53.91,17.68,68.8,6.56,120.06,ash_gourd
85.59,40.14,40.91,19.48,73.57,6.59,98.51,cucumber
127.64,49.9,53.85,19.13,82.81,6.95,52.41,cucumber
126.66,56.77,70.64,28.26,50.55,5.91,51.1,cucumber
72.35,63.91,68.13,15.73,75.92,6.3,65.78,cucumber
85.21,74.55,42.26,22.56,60.12,7.13,120.47,cucumber
92.32,63.92,66.9,19.81,60.56,5.79,112.62,zucchini
85.47,52.02,42.44,29.23,80.79,7.32,108.86,zucchini
99.9,59.82,78.89,29.12,73.5,7.07,75.06,zucchini
99.14,45.97,55.06,26.32,66.57,7.2,73.08,zucchini
119.53,72.23,76.59,23.44,83.87,6.61,54.75,zucchini
87.0,48.13,65.87,28.83,79.65,5.68,119.7,squash
83.33,50.74,66.95,24.04,80.58,5.88,123.79,squash
120.7,62.35,59.18,28.04,61.65,7.41,41.69,squash
135.6,78.48,44.69,29.99,66.76,5.99,106.48,squash
84.32,76.61,62.08,26.63,63.32,6.57,79.52,squash
88.31,60.51,59.89,16.48,84.35,6.44,132.37,sweetcorn
134.0,54.83,56.56,23.44,57.74,5.79,68.69,sweetcorn
135.43,63.17,56.7,17.29,61.55,6.26,131.67,sweetcorn
104.95,66.18,67.39,18.86,78.76,7.43,110.59,sweetcorn
104.34,46.73,71.8,17.54,75.21,6.48,140.86,sweetcorn
92.53,65.67,42.35,16.54,79.63,7.36,186.96,banana
105.86,56.5,73.7,19.7,74.75,5.02,156.09,banana
82.39,64.71,66.67,25.86,66.91,6.22,61.26,banana
93.1,40.47,61.18,20.4,84.21,5.04,214.5,banana
100.44,72.25,76.39,17.71,53.37,5.37,96.47,banana
91.59,72.61,50.69,22.35,63.06,6.02,167.35,mango
119.41,49.03,67.36,29.57,72.88,7.15,204.32,mango
65.61,55.17,62.11,16.9,50.33,5.43,154.97,mango
86.03,71.38,62.63,29.73,53.34,6.32,68.08,mango
72.69,74.72,75.5,23.61,51.63,5.19,235.86,mango
113.96,62.54,41.32,30.86,61.01,7.4,171.54,papaya
105.14,68.51,55.93,17.23,55.69,5.6,218.58,papaya
83.35,75.86,53.27,28.09,54.9,7.47,197.59,papaya
90.05,78.97,42.15,22.99,79.35,5.85,206.11,papaya
117.29,55.87,70.94,16.47,59.57,7.48,153.21,papaya
81.35,77.65,57.27,26.88,73.12,5.21,177.54,pineapple
107.88,68.52,43.28,18.47,74.91,6.58,200.53,pineapple
79.0,44.26,40.21,20.93,62.6,5.67,85.18,pineapple
71.24,57.95,62.19,22.53,50.92,5.88,77.68,pineapple
95.88,52.98,55.41,20.67,63.57,5.21,231.22,pineapple
114.31,79.13,62.88,18.71,63.33,5.35,117.21,guava
89.59,42.53,57.39,22.74,66.95,5.19,107.82,guava
74.8,65.0,63.75,19.13,53.74,5.76,240.28,guava
79.93,64.81,72.16,21.27,61.72,7.04,223.31,guava
118.45,45.44,52.83,31.16,57.03,5.79,243.27,guava
118.12,51.66,67.8,23.86,70.16,5.61,131.45,apple
108.99,55.72,44.56,25.02,70.73,6.36,189.53,apple
93.01,78.12,58.46,27.33,65.35,5.73,191.64,apple
109.14,71.83,56.37,23.99,72.17,5.61,185.15,apple
102.91,71.56,42.96,31.85,66.77,6.0,156.26,apple
115.22,67.67,61.75,28.65,62.58,7.24,162.01,pear
98.29,43.4,70.76,26.52,62.43,6.62,68.42,pear
119.02,67.1,55.98,28.04,83.8,6.08,62.0,pear
75.52,60.43,60.75,25.29,70.13,6.11,134.32,pear
106.34,63.54,60.02,21.52,50.86,5.26,139.04,pear
117.7,44.64,77.63,18.27,60.92,6.14,99.3,peach
88.98,59.05,57.53,27.15,61.16,5.75,213.94,peach
66.91,73.97,65.92,26.83,55.75,7.46,106.34,peach
70.47,46.41,62.39,31.34,58.11,6.01,95.05,peach
98.43,57.29,41.17,25.83,56.91,6.48,133.88,peach
102.28,48.23,70.09,28.94,52.19,5.25,225.68,plum
71.22,53.04,58.3,20.2,80.19,6.32,181.43,plum
95.82,64.45,63.48,21.57,79.59,6.54,214.61,plum
102.36,51.9,64.58,17.36,54.69,5.29,118.02,plum
70.98,67.74,60.43,22.69,54.83,5.96,95.29,plum
98.13,67.74,65.81,32.0,69.42,6.22,86.66,apricot
78.87,58.04,42.14,21.74,50.34,5.34,214.89,apricot
117.83,60.22,59.8,26.96,64.55,7.1,152.85,apricot
64.96,41.23,70.44,20.67,59.62,6.34,91.96,apricot
87.44,69.7,70.64,24.8,53.96,5.29,207.27,apricot
109.4,54.67,72.9,16.67,75.16,6.37,248.06,cherry
66.14,73.2,70.05,20.76,84.98,6.12,126.23,cherry
109.0,57.56,79.76,28.41,58.29,7.03,171.71,cherry
81.04,68.43,65.31,18.66,54.87,5.52,99.32,cherry
63.56,54.03,51.24,24.62,61.33,6.76,114.97,cherry
76.04,74.32,79.42,26.87,53.33,7.41,209.28,strawberry
115.13,79.7,74.68,18.03,80.31,5.62,195.17,strawberry
109.71,70.46,67.05,23.83,70.21,5.67,138.7,strawberry
87.12,65.35,75.21,17.49,68.05,5.7,237.9,strawberry
82.14,78.01,53.09,16.04,77.09,6.83,198.88,strawberry
87.51,66.57,54.33,17.01,68.7,5.54,141.63,blueberry
72.71,50.74,73.13,21.4,70.23,6.42,152.21,blueberry
80.62,67.3,41.94,17.59,77.44,6.15,83.61,blueberry
111.46,57.65,40.03,31.33,57.08,6.72,85.06,blueberry
99.0,46.36,77.31,20.38,72.91,5.63,130.65,blueberry
114.23,46.62,55.85,20.89,74.48,5.59,184.54,blackberry
102.22,40.04,59.07,18.12,57.92,6.7,61.76,blackberry
101.74,72.68,79.53,22.76,54.63,5.18,132.78,blackberry
103.85,44.1,52.53,30.1,54.8,6.93,203.1,blackberry
67.99,79.72,45.71,24.49,50.3,6.63,143.62,blackberry
103.35,65.12,46.05,22.59,74.03,7.15,76.47,grape
66.03,70.1,63.58,22.14,83.71,5.79,86.57,grape
76.62,43.37,62.14,25.6,71.27,6.95,191.19,grape
110.87,66.34,52.07,24.28,67.83,6.87,116.15,grape
63.27,75.92,78.19,23.92,53.95,6.25,172.85,grape
91.7,79.11,79.48,30.94,54.62,7.15,167.99,pomegranate
81.92,67.32,70.51,31.27,76.96,5.04,72.83,pomegranate
75.73,41.59,42.42,28.63,67.73,6.57,155.2,pomegranate
84.93,68.07,43.3,24.59,71.56,5.69,118.88,pomegranate
90.68,48.13,72.32,24.58,63.68,6.59,218.56,pomegranate
100.86,42.64,67.95,27.68,79.63,5.14,76.38,orange
86.07,58.13,64.35,20.95,75.96,6.85,82.69,orange
102.47,68.06,46.55,31.25,68.31,6.96,196.95,orange
70.02,45.08,71.24,20.3,81.02,6.93,65.58,orange
108.43,50.88,42.55,27.4,70.18,5.19,146.49,orange
81.61,59.98,62.68,21.88,58.93,5.26,169.04,mandarin
103.37,49.14,60.35,16.7,80.2,5.61,149.64,mandarin
82.98,46.0,77.25,29.72,69.35,7.28,200.73,mandarin
85.16,52.87,56.65,27.52,59.49,5.19,130.83,mandarin
90.12,76.08,47.17,28.87,84.35,7.39,73.1,mandarin
87.91,51.29,73.79,21.24,69.36,5.02,98.13,lemon
93.83,52.16,64.91,23.42,70.71,6.23,206.8,lemon
71.73,76.02,70.42,19.92,50.22,6.03,104.27,lemon
80.79,73.58,75.09,31.22,50.05,6.64,221.31,lemon
103.63,44.16,61.19,19.81,67.22,5.15,249.42,lemon
102.7,43.72,76.85,30.36,68.19,6.75,130.77,lime
118.47,43.4,43.82,18.14,78.7,5.19,167.89,lime
86.1,78.57,49.47,20.18,61.03,7.0,193.14,lime
104.12,52.72,50.88,17.19,57.09,6.95,171.09,lime
69.32,46.57,58.64,22.5,68.76,7.41,99.45,lime
78.5,50.6,44.8,18.52,74.01,7.07,192.41,coconut
62.42,73.44,53.11,17.46,58.69,5.89,157.56,coconut
100.63,50.41,79.63,16.5,64.15,6.13,202.13,coconut
74.99,58.48,72.16,18.24,50.42,7.08,246.69,coconut
67.84,72.95,54.89,26.08,72.56,6.46,109.18,coconut
108.76,40.87,42.58,30.44,65.52,5.32,231.96,arecanut
109.76,53.26,41.71,23.38,55.88,6.43,216.12,arecanut
83.7,41.18,67.33,18.76,57.52,5.47,113.17,arecanut
113.01,41.39,64.77,19.93,60.33,6.03,164.63,arecanut
63.66,51.19,45.49,19.19,80.96,6.31,179.84,arecanut
108.13,71.79,79.58,28.51,62.57,6.36,152.09,cashew
114.76,60.1,55.54,18.88,61.16,5.55,230.2,cashew
106.71,42.34,79.66,24.47,76.84,7.5,245.06,cashew
66.01,66.27,50.66,29.06,82.1,5.14,249.31,cashew
73.16,73.86,71.9,21.68,79.37,7.11,93.46,cashew
95.55,72.25,67.91,30.62,50.99,6.75,240.04,almond
93.82,62.52,47.53,31.81,80.86,6.23,118.72,almond
89.43,43.61,49.3,19.5,68.43,5.0,234.4,almond
72.09,45.22,68.68,30.7,79.55,5.81,64.16,almond
95.2,76.69,70.97,29.54,80.12,7.4,130.98,almond
116.52,55.82,44.04,20.83,54.78,5.39,240.25,walnut
107.51,78.43,65.97,18.79,83.91,6.73,236.48,walnut
107.22,48.93,63.56,18.81,60.74,6.72,84.2,walnut
103.73,77.95,77.95,22.27,84.8,7.41,66.15,walnut
96.14,76.84,78.7,19.53,69.79,7.34,86.72,walnut
104.72,49.52,79.3,18.69,80.99,5.22,194.7,pistachio
98.35,75.47,57.87,20.24,58.73,5.17,108.77,pistachio
66.48,40.05,55.44,27.72,83.92,7.21,153.69,pistachio
82.72,61.84,44.06,23.67,80.24,6.63,190.56,pistachio
69.76,42.95,73.83,20.72,61.16,7.38,74.1,pistachio
70.21,55.02,69.28,24.75,81.43,5.23,172.87,date_palm
96.82,59.31,41.24,31.08,55.77,7.22,89.85,date_palm
66.08,48.22,47.6,27.16,75.27,6.82,110.4,date_palm
76.89,49.5,41.99,25.15,79.39,5.38,128.56,date_palm
85.66,51.78,66.48,25.6,56.99,5.06,92.46,date_palm
77.51,43.28,73.75,20.93,63.91,6.22,185.6,fig
65.47,61.77,47.4,30.17,62.93,6.11,110.03,fig
87.9,49.05,50.74,16.99,76.33,6.67,76.28,fig
80.63,61.66,78.83,25.44,69.38,7.1,215.5,fig
85.12,61.42,74.68,23.6,80.86,6.19,75.0,fig
114.17,68.57,60.08,30.41,78.02,6.69,177.85,olive
67.22,70.29,46.92,31.75,84.03,7.02,83.98,olive
85.4,79.53,57.42,31.96,71.95,7.09,109.0,olive
114.65,76.57,42.68,22.21,63.91,5.82,112.48,olive
87.49,74.94,71.46,25.97,68.29,6.05,138.74,olive
68.89,63.52,70.34,31.03,82.37,6.41,79.19,avocado
77.17,61.43,53.75,22.57,63.41,6.21,175.7,avocado
62.25,51.02,45.75,25.74,74.28,5.1,229.02,avocado
79.89,49.5,69.83,30.73,81.4,5.05,215.3,avocado
78.18,51.21,59.66,27.14,53.44,7.17,85.53,avocado
148.2,62.16,81.29,23.23,80.42,6.29,153.83,coffee
94.8,81.2,77.05,29.11,91.68,6.64,212.75,coffee
91.13,55.56,65.34,21.63,91.28,6.76,125.21,coffee
93.49,81.65,81.85,22.99,81.41,6.84,246.83,coffee
99.18,81.18,65.26,27.62,73.1,5.06,187.04,coffee
121.58,48.88,83.52,27.04,78.74,5.33,281.01,tea
132.43,74.44,54.25,24.64,74.07,6.14,293.69,tea
140.0,72.37,73.88,23.23,80.24,5.04,260.45,tea
133.73,40.44,85.58,27.77,85.03,5.02,165.43,tea
136.36,55.27,88.35,27.71,80.6,5.75,182.77,tea
97.64,63.33,73.86,29.89,79.93,5.2,212.07,cocoa
126.36,82.16,58.71,27.77,85.23,5.6,139.46,cocoa
84.47,89.42,72.03,30.34,76.53,6.42,280.63,cocoa
100.92,47.5,78.27,30.8,90.14,6.6,228.01,cocoa
126.24,74.04,76.06,27.86,94.94,5.52,195.34,cocoa
107.18,41.77,75.4,26.86,74.75,6.45,160.03,rubber
117.42,79.24,85.33,28.06,82.68,6.69,271.31,rubber
141.35,49.06,44.88,21.54,76.47,6.62,257.33,rubber
92.81,73.99,56.78,21.07,78.88,6.49,175.28,rubber
135.17,56.57,53.03,23.53,91.28,5.94,275.95,rubber
120.85,87.22,43.56,30.67,82.51,6.73,188.7,vanilla
100.88,42.7,82.71,21.65,75.01,5.82,222.49,vanilla
143.46,62.88,55.82,28.59,89.47,5.98,233.59,vanilla
92.38,71.72,40.24,23.28,89.03,5.34,257.61,vanilla
114.27,78.18,44.4,27.37,85.84,5.81,293.76,vanilla
106.83,41.89,49.97,24.48,70.35,5.64,269.98,cardamom
93.34,73.84,71.33,22.99,87.34,5.69,143.21,cardamom
106.85,69.43,48.35,29.89,77.46,5.58,251.01,cardamom
121.75,56.89,84.4,31.95,78.57,6.8,184.67,cardamom
93.19,87.4,85.91,24.84,75.71,6.45,143.62,cardamom
131.39,69.48,48.45,24.4,86.26,5.07,277.78,black_pepper
97.91,66.74,42.43,31.94,86.55,6.31,123.55,black_pepper
128.28,60.84,59.01,26.57,81.86,5.31,245.13,black_pepper
124.12,55.06,73.08,27.95,76.75,6.21,144.69,black_pepper
138.15,45.25,75.94,21.41,72.85,5.21,155.76,black_pepper
93.98,53.15,66.16,22.42,87.59,5.59,127.09,white_pepper
114.74,50.38,86.66,23.97,70.07,6.34,283.24,white_pepper
138.47,73.45,47.46,21.08,82.79,6.45,138.23,white_pepper
97.91,51.56,89.43,23.55,81.61,5.2,151.45,white_pepper
82.76,54.53,80.08,23.75,88.46,5.19,256.48,white_pepper
83.21,82.6,73.17,22.05,78.94,5.88,231.93,clove
141.49,44.65,80.75,22.19,80.02,6.92,168.93,clove
107.0,82.53,79.99,27.79,89.92,5.23,245.31,clove
84.11,87.12,47.97,24.99,84.77,6.6,242.11,clove
92.69,58.99,57.93,20.35,87.11,6.68,295.22,clove
89.15,86.02,45.65,24.94,71.15,5.52,176.56,nutmeg
129.32,73.9,78.38,26.92,84.13,6.96,240.57,nutmeg
103.68,66.16,75.03,21.14,86.54,5.5,182.23,nutmeg
127.34,59.24,81.95,26.7,94.69,5.11,235.81,nutmeg
90.98,82.44,82.59,30.43,71.87,5.98,163.36,nutmeg
147.91,42.52,51.14,27.72,80.08,5.47,202.64,cinnamon
136.09,62.4,82.83,25.36,72.97,5.99,237.61,cinnamon
87.19,60.62,67.86,20.0,72.27,6.21,231.43,cinnamon
101.32,65.42,50.34,28.06,93.76,5.73,129.77,cinnamon
95.6,62.72,68.01,27.44,81.83,6.31,248.86,cinnamon
56.84,60.37,38.87,23.8,84.9,7.43,108.4,turmeric
81.32,58.08,31.83,20.79,64.21,6.93,194.31,turmeric
56.42,54.43,37.5,33.81,71.79,6.41,206.28,turmeric
93.01,34.31,46.58,33.75,85.12,6.68,204.43,turmeric
77.03,56.34,68.25,20.29,74.96,6.56,59.71,turmeric
106.12,63.55,49.32,26.64,87.63,5.85,165.71,ginger
93.83,35.14,45.5,28.21,86.48,6.51,126.93,ginger
108.77,66.64,60.49,22.65,88.91,7.44,140.57,ginger
58.0,46.51,58.0,30.72,68.97,6.9,222.14,ginger
92.71,67.42,55.3,21.42,78.73,6.08,119.06,ginger
90.34,69.25,56.0,34.29,75.12,6.89,114.48,saffron
56.92,44.09,49.21,27.7,80.01,6.33,199.57,saffron
100.48,41.44,63.89,31.74,75.68,5.55,79.07,saffron
90.22,38.0,60.01,20.74,68.6,6.0,217.88,saffron
91.44,41.81,60.14,18.55,84.42,5.7,223.61,saffron
94.37,64.59,59.7,27.54,67.13,7.07,209.76,fennel
67.26,56.58,67.06,24.59,88.7,7.45,112.53,fennel
83.13,30.52,40.05,28.55,83.43,7.24,216.0,fennel
104.69,58.19,55.91,30.84,76.4,6.71,205.23,fennel
107.86,41.77,37.1,29.61,65.61,5.85,152.77,fennel
72.63,47.14,52.26,20.21,77.52,6.01,116.11,coriander
92.58,36.19,36.15,23.48,61.53,7.36,173.12,coriander
89.71,49.62,52.91,24.09,83.52,6.14,93.99,coriander
61.03,32.73,50.21,25.07,76.11,5.68,94.24,coriander
62.8,43.28,44.43,21.71,82.58,6.56,249.33,coriander
99.42,69.25,30.35,29.37,73.37,7.31,172.74,cumin
87.27,68.36,57.3,23.46,87.48,7.39,127.18,cumin
82.41,41.31,66.45,31.98,71.25,7.11,139.11,cumin
52.63,65.93,37.7,26.74,88.45,5.83,241.26,cumin
82.28,30.29,32.62,29.4,83.21,7.23,134.84,cumin
56.24,51.51,58.11,34.6,83.26,6.79,237.95,anise
94.81,36.15,48.37,23.64,62.63,5.61,208.84,anise
83.49,53.0,39.11,22.4,71.64,6.76,136.61,anise
51.01,56.93,51.39,28.9,78.55,7.01,167.12,anise
92.05,32.9,67.12,19.8,83.61,6.1,67.3,anise
95.92,47.51,45.8,29.23,74.22,6.57,77.28,caraway
73.46,61.9,51.83,34.32,64.32,6.85,232.83,caraway
97.7,59.17,44.93,34.14,76.61,6.61,74.65,caraway
50.3,53.87,51.49,34.1,69.14,7.0,230.71,caraway
70.63,46.51,55.84,26.71,64.83,5.94,216.95,caraway
61.66,37.25,61.99,32.49,85.54,7.36,248.86,dill
77.68,51.99,41.63,19.15,62.95,6.95,147.44,dill
69.85,35.13,56.22,19.7,78.59,7.3,113.56,dill
77.04,54.65,42.23,27.93,76.97,6.23,113.27,dill
75.7,30.19,39.85,21.77,82.19,6.37,218.02,dill
58.06,59.32,65.12,25.87,70.76,6.11,160.33,parsley
60.55,54.27,63.67,32.6,64.2,6.58,102.65,parsley
103.18,33.06,33.02,18.32,75.22,5.56,166.38,parsley
74.31,53.6,66.25,27.38,76.3,7.5,144.42,parsley
96.51,44.63,38.93,31.13,82.0,6.08,142.94,parsley
80.62,45.87,50.09,29.27,85.44,7.11,172.81,basil
59.95,50.57,47.85,21.05,88.46,6.82,243.55,basil
94.16,49.34,44.35,21.72,74.63,5.63,123.89,basil
52.57,38.27,66.31,24.14,74.09,6.41,59.29,basil
108.84,42.96,58.15,26.86,84.89,7.17,102.66,basil
82.66,36.95,56.15,24.21,79.6,7.17,153.33,thyme
72.58,66.29,50.65,24.0,86.03,6.47,146.42,thyme
86.25,50.07,35.56,20.82,62.31,6.79,92.3,thyme
61.21,44.49,58.69,20.01,66.91,7.12,194.05,thyme
78.89,49.15,38.43,20.74,85.0,5.54,58.63,thyme
84.41,36.45,55.18,18.67,77.17,5.61,101.65,rosemary
60.8,68.33,53.97,27.58,60.56,6.94,182.35,rosemary
67.01,33.43,47.97,34.88,86.02,5.84,216.07,rosemary
86.05,61.78,62.82,21.09,79.79,6.03,194.84,rosemary
70.56,48.14,53.62,21.91,71.56,5.72,90.47,rosemary
101.58,50.17,46.79,20.54,62.89,6.45,172.95,oregano
52.34,61.35,50.13,20.0,74.47,5.76,170.69,oregano
99.65,65.88,60.99,29.04,75.66,6.24,58.69,oregano
81.79,39.18,62.09,31.42,71.44,6.68,198.28,oregano
95.69,57.87,33.91,20.28,74.31,5.97,221.81,oregano
67.0,65.07,46.35,21.21,81.27,7.08,165.6,marjoram
57.07,30.29,56.18,29.69,69.48,6.22,80.96,marjoram
89.09,40.15,64.2,25.2,70.97,6.05,186.12,marjoram
95.3,46.53,61.35,26.2,71.11,6.61,100.76,marjoram
68.4,43.77,58.22,30.51,85.65,6.82,199.56,marjoram
76.8,57.97,36.47,21.65,72.02,6.18,160.12,sage
91.82,58.27,36.43,34.4,60.16,5.68,79.07,sage
105.55,47.42,32.56,21.77,62.4,5.58,126.87,sage
109.07,54.56,50.84,30.1,77.92,7.39,214.05,sage
88.42,47.56,38.07,29.17,84.12,6.07,56.72,sage
85.97,50.63,39.27,20.88,61.08,5.98,50.06,tarragon
59.45,69.87,61.19,24.0,71.85,6.67,153.55,tarragon
94.22,32.74,33.61,22.84,84.89,7.33,119.62,tarragon
107.8,41.06,54.25,21.31,87.89,6.65,102.22,tarragon
74.43,34.26,32.9,23.0,88.41,7.11,241.34,tarragon
102.57,62.53,53.0,29.8,88.98,6.63,203.99,mint
95.45,68.45,48.35,25.83,77.6,5.55,73.25,mint
54.05,55.35,69.77,29.51,66.9,6.13,241.09,mint
80.99,30.39,63.29,22.22,62.79,6.85,214.21,mint
54.56,67.26,49.06,24.01,86.83,6.04,239.42,mint
90.99,66.4,49.96,21.39,82.06,7.25,91.36,lemongrass
62.17,39.99,54.74,20.65,63.2,7.34,185.16,lemongrass
89.81,54.55,60.57,27.21,61.27,6.46,174.13,lemongrass
79.54,69.41,65.88,32.77,74.72,7.47,233.2,lemongrass
66.82,38.88,53.07,18.92,83.98,6.46,158.15,lemongrass
105.17,55.75,67.45,17.62,84.18,6.9,90.61,sweet_potato
118.24,40.47,48.43,23.72,61.39,6.73,68.57,sweet_potato
108.4,49.49,58.85,24.2,62.81,6.5,63.16,sweet_potato
119.05,54.89,74.17,19.19,56.3,5.76,103.35,sweet_potato
86.0,43.99,50.8,18.54,65.13,6.26,56.04,sweet_potato
137.14,45.98,72.23,17.65,67.49,7.49,133.43,yam
106.19,68.82,71.41,19.5,69.67,6.64,83.82,yam
118.34,42.4,72.55,22.15,72.05,6.4,76.81,yam
95.27,62.41,77.27,18.87,50.69,5.74,135.41,yam
137.42,47.96,63.04,24.74,56.11,7.06,79.06,yam
117.12,59.5,69.46,28.34,63.34,6.07,109.49,taro
80.14,46.7,72.31,20.06,72.09,6.64,133.38,taro
74.99,46.48,49.13,19.75,60.2,6.03,110.91,taro
88.99,57.8,74.51,20.45,70.54,7.43,85.54,taro
82.87,40.92,69.11,24.93,82.92,6.9,48.81,taro
81.68,44.12,42.55,28.18,69.2,5.55,83.67,cassava
123.55,43.33,50.5,17.33,72.92,7.27,74.03,cassava
87.32,51.37,65.06,16.97,79.35,5.56,112.99,cassava
130.23,53.01,59.05,29.62,68.92,6.04,88.93,cassava
137.87,67.9,47.08,23.96,72.09,6.77,102.04,cassava
106.64,65.58,52.39,20.21,68.89,7.11,88.6,arrowroot
95.6,50.39,52.14,15.0,78.54,7.2,77.83,arrowroot
102.84,40.33,76.88,29.2,66.7,5.52,87.35,arrowroot
90.5,49.25,40.29,20.6,64.41,6.62,83.42,arrowroot
81.43,69.48,55.59,20.68,59.2,6.34,66.35,arrowroot
123.52,76.4,72.3,25.27,59.96,6.99,128.97,lotus_root
98.9,74.14,47.3,19.34,72.29,6.74,69.93,lotus_root
113.59,47.51,40.78,15.74,68.72,5.87,51.25,lotus_root
88.84,68.61,69.08,18.49,55.27,6.49,77.61,lotus_root
91.81,71.98,79.92,21.96,77.7,6.16,132.79,lotus_root
136.62,42.24,71.03,16.07,66.46,5.88,132.57,water_chestnut
127.21,73.13,44.88,26.52,58.71,7.04,88.73,water_chestnut
121.63,41.34,58.43,26.56,68.24,7.46,92.01,water_chestnut
117.7,52.48,52.92,24.44,51.48,7.37,97.3,water_chestnut
87.73,65.54,47.95,28.31,80.23,5.94,52.42,water_chestnut
114.3,52.98,46.69,19.14,54.19,7.08,40.98,kohlrabi
72.94,71.34,59.01,23.94,63.0,5.68,57.35,kohlrabi
76.4,64.75,77.23,29.95,71.88,5.62,110.9,kohlrabi
119.09,71.66,45.03,18.49,84.36,7.08,123.24,kohlrabi
126.39,57.55,47.72,25.34,62.54,5.77,138.85,kohlrabi
103.97,57.5,51.79,25.46,56.64,5.87,78.24,celery
121.27,51.01,73.25,28.72,69.41,5.64,57.05,celery
90.7,50.53,54.68,15.01,72.33,6.26,60.41,celery
71.31,74.27,71.04,18.58,75.24,6.82,99.29,celery
97.12,60.96,59.9,23.27,71.46,6.15,110.5,celery
77.73,60.93,42.67,27.53,54.54,7.25,62.23,leek
103.98,43.95,62.84,27.54,73.03,6.55,117.14,leek
87.92,54.65,64.24,16.06,82.56,5.92,94.05,leek
132.28,43.2,72.04,15.91,69.53,7.38,85.75,leek
95.83,68.34,72.95,18.99,51.42,5.64,73.43,leek
136.12,78.42,43.88,25.88,68.61,5.88,97.88,shallot
87.41,65.01,47.16,26.24,64.53,5.71,110.25,shallot
95.06,58.35,66.61,28.24,55.84,5.86,84.17,shallot
93.63,46.33,79.94,21.65,62.33,6.13,149.06,shallot
92.73,54.87,70.57,21.46,75.41,6.72,101.95,shallot
84.97,70.63,77.05,18.81,83.66,6.39,83.68,scallion
120.84,79.32,63.83,22.76,84.77,6.1,73.04,scallion
85.53,74.23,40.87,27.33,74.14,6.05,100.9,scallion
108.94,77.04,46.19,15.57,62.45,5.78,80.38,scallion
110.75,49.32,72.44,16.38,63.99,7.34,120.77,scallion
120.65,71.72,46.92,27.39,74.14,6.65,139.84,chard
111.67,52.02,69.23,23.64,52.75,5.61,124.8,chard
94.36,72.69,56.66,28.02,80.44,5.95,111.81,chard
112.16,40.46,71.1,20.74,60.67,5.58,99.39,chard
80.47,60.1,48.83,15.76,75.61,6.29,89.02,chard
111.66,60.19,48.88,19.35,63.8,5.76,49.08,endive
110.0,41.97,55.97,16.28,67.56,7.05,54.34,endive
79.44,62.37,59.51,24.78,56.86,6.73,120.92,endive
87.24,42.87,71.07,19.85,82.34,5.68,113.89,endive
99.65,53.93,52.83,23.91,50.85,6.11,148.64,endive
113.14,79.61,57.69,17.19,51.57,7.14,61.97,artichoke
96.17,70.31,74.11,16.69,51.91,7.4,141.94,artichoke
130.81,72.81,40.55,25.41,53.89,6.4,42.5,artichoke
84.63,61.52,48.15,22.85,59.05,6.47,120.29,artichoke
79.89,67.95,40.74,23.75,73.22,5.59,58.74,artichoke
89.88,71.57,64.72,15.8,72.92,5.52,82.75,asparagus
88.99,74.08,66.4,27.96,50.67,7.23,111.44,asparagus
86.18,55.23,79.06,16.49,61.04,7.23,98.47,asparagus
83.05,60.03,58.32,28.9,50.75,5.99,98.24,asparagus
93.35,55.74,46.28,20.2,62.32,6.75,65.98,asparagus
138.48,60.05,72.48,24.39,80.75,7.28,129.63,parsnip
72.06,62.2,51.21,17.28,81.4,6.81,49.66,parsnip
96.75,78.42,64.5,24.38,57.96,5.98,56.8,parsnip
137.94,76.39,53.17,23.13,57.24,5.78,99.55,parsnip
126.01,74.5,52.36,25.58,68.33,5.77,149.53,parsnip
138.3,45.81,77.32,28.76,61.11,6.61,144.35,rutabaga
78.29,52.7,75.19,25.91,76.79,7.26,85.54,rutabaga
98.79,57.72,77.35,28.41,82.66,6.05,125.7,rutabaga
77.47,47.39,70.5,24.18,59.34,6.63,65.4,rutabaga
86.25,67.5,54.37,25.32,66.68,6.5,106.52,rutabaga
119.84,54.96,74.09,22.37,54.81,5.89,43.55,salsify
123.52,40.6,50.79,21.2,75.98,7.48,123.36,salsify
74.63,77.08,79.43,28.01,67.15,6.15,90.33,salsify
87.27,56.19,41.67,26.03,63.31,6.13,107.27,salsify
121.97,63.75,61.01,28.14,77.54,6.54,89.68,salsify
127.89,41.7,79.83,22.78,63.85,6.97,101.35,horseradish
106.13,65.23,41.97,19.37,63.93,6.11,131.04,horseradish
102.29,56.9,64.53,15.82,68.09,5.78,131.29,horseradish
101.62,68.91,44.53,26.68,82.82,6.89,54.88,horseradish
98.95,58.04,47.16,23.85,74.94,5.9,90.02,horseradish
75.0,67.67,76.29,28.74,75.14,5.31,81.69,mulberry
86.96,54.52,60.95,22.15,77.69,6.28,240.45,mulberry
82.72,55.22,70.73,30.6,69.79,6.65,88.52,mulberry
112.13,47.15,68.48,22.71,60.83,6.92,144.79,mulberry
97.59,44.7,45.26,19.25,71.79,5.63,147.14,mulberry
111.32,61.74,40.23,30.12,58.33,6.47,150.39,jackfruit
84.61,43.18,64.0,19.92,69.16,6.55,165.93,jackfruit
109.52,41.96,45.93,26.45,51.29,7.13,186.73,jackfruit
110.28,51.94,76.82,16.78,64.59,5.45,187.7,jackfruit
96.67,67.66,63.8,28.6,56.21,6.14,170.0,jackfruit
115.89,43.73,51.97,21.9,63.26,5.17,141.19,durian
93.03,51.71,45.38,27.11,59.6,6.32,159.68,durian
101.75,64.48,44.37,27.68,72.01,7.47,151.9,durian
101.32,77.36,79.45,20.59,71.31,5.79,159.82,durian
119.7,54.15,45.19,25.0,68.19,6.58,153.58,durian
70.79,64.38,68.34,31.67,50.06,5.06,178.84,lychee
67.08,73.92,71.98,31.98,64.49,5.83,166.48,lychee
98.25,40.45,48.05,20.51,77.66,5.77,156.27,lychee
79.44,40.25,67.43,21.46,75.35,6.54,65.53,lychee
70.54,53.22,53.52,26.76,82.07,6.99,182.67,lychee
88.89,65.09,75.68,24.59,61.73,6.96,138.65,longan
104.56,73.4,51.97,27.6,61.04,6.34,99.57,longan
101.13,71.98,75.52,21.66,83.94,5.7,65.92,longan
119.02,65.06,73.7,25.14,63.63,6.49,224.27,longan
105.09,68.21,52.58,16.51,64.49,6.24,105.15,longan
87.11,78.03,48.65,20.84,53.93,6.96,207.78,rambutan
114.8,57.75,41.0,23.72,67.5,5.48,235.49,rambutan
103.95,60.95,71.02,18.29,80.51,7.06,238.22,rambutan
100.6,45.31,68.98,23.35,74.98,6.31,60.78,rambutan
115.94,67.48,63.77,17.39,66.34,5.12,158.91,rambutan
99.54,52.5,63.1,20.99,81.22,5.8,96.58,sapota
76.6,52.77,57.64,17.88,55.23,5.68,62.9,sapota
97.38,60.56,48.26,21.61,61.15,5.35,193.83,sapota
77.0,49.79,42.85,25.81,61.86,6.11,84.71,sapota
88.24,67.02,44.24,16.86,64.93,5.45,173.26,sapota
95.57,73.45,67.97,25.86,60.94,7.04,195.45,custard_apple
100.25,61.34,78.95,28.09,66.3,5.33,214.44,custard_apple
115.18,58.73,58.22,26.95,74.86,6.16,104.02,custard_apple
73.43,74.44,64.68,30.61,63.72,6.75,186.38,custard_apple
107.33,75.3,58.13,16.48,66.64,5.88,147.64,custard_apple
70.25,70.72,64.18,18.04,53.6,7.04,211.38,starfruit
79.55,65.98,71.7,24.52,64.03,6.03,177.97,starfruit
92.88,78.96,55.35,21.45,78.49,6.48,209.02,starfruit
86.12,71.49,61.78,19.78,73.19,5.19,236.86,starfruit
94.45,59.47,63.69,23.41,69.43,7.06,93.47,starfruit
117.35,42.78,44.35,29.03,77.0,5.95,153.92,dragonfruit
99.61,43.62,72.68,30.2,81.61,6.59,60.04,dragonfruit
68.8,45.97,61.25,22.24,70.23,5.49,189.49,dragonfruit
79.0,62.81,76.53,20.87,83.02,6.09,246.69,dragonfruit
80.66,43.57,40.32,31.78,64.15,5.32,115.9,dragonfruit
82.15,61.96,42.13,27.25,78.73,5.9,223.64,passionfruit
111.94,49.41,68.09,22.31,61.13,5.96,132.5,passionfruit
92.71,66.5,58.99,19.01,63.46,7.31,219.59,passionfruit
69.26,79.9,66.8,18.15,52.51,5.04,197.05,passionfruit
89.2,57.47,79.61,17.35,72.48,6.04,146.65,passionfruit
107.34,64.18,57.03,18.88,67.83,6.38,145.51,persimmon
81.32,47.43,64.18,25.25,79.64,5.59,155.33,persimmon
84.65,61.85,54.68,31.65,69.89,6.76,81.5,persimmon
88.89,67.62,45.68,27.7,84.43,7.46,207.99,persimmon
87.9,43.13,75.6,17.42,66.54,6.85,242.48,persimmon
64.68,65.35,71.92,21.0,51.85,5.86,207.92,quince
88.13,60.51,58.77,27.74,64.74,7.4,211.66,quince
77.35,41.41,76.91,27.99,75.44,6.41,71.67,quince
88.39,46.76,42.06,31.85,78.31,6.56,114.49,quince
64.95,60.22,74.06,20.45,54.64,5.7,222.99,quince
60.85,44.46,46.98,25.47,55.29,6.12,213.49,cranberry
75.68,68.03,59.4,28.79,80.17,5.86,76.04,cranberry
68.7,77.36,46.17,23.94,84.78,6.93,105.21,cranberry
86.41,65.5,48.43,27.75,62.08,6.61,203.54,cranberry
66.96,46.7,55.95,20.82,76.12,6.88,161.18,cranberry
82.79,68.22,58.98,18.32,80.46,5.03,236.17,gooseberry
86.93,67.14,78.47,26.93,51.44,7.29,181.11,gooseberry
117.37,57.27,76.72,29.73,61.72,5.67,78.67,gooseberry
99.26,55.65,70.93,27.99,75.7,6.47,97.04,gooseberry
80.24,67.61,47.2,24.76,73.55,7.08,62.27,gooseberry
65.86,44.16,57.84,19.51,59.92,5.48,64.5,currant
65.52,77.54,66.26,29.37,83.27,6.6,194.53,currant
67.2,74.26,45.2,26.5,81.5,6.42,243.76,currant
113.76,67.83,50.13,23.47,82.77,6.6,235.31,currant
76.58,57.08,76.14,28.32,61.32,5.4,74.06,currant
106.63,55.31,53.31,16.96,83.45,5.66,143.71,elderberry
89.5,77.14,64.41,18.86,67.22,5.36,206.05,elderberry
73.1,65.73,76.5,27.45,53.62,5.18,168.56,elderberry
75.04,57.84,75.86,18.38,72.41,7.33,186.28,elderberry
75.99,68.0,76.18,25.19,68.04,7.35,153.23,elderberry
86.16,73.76,71.24,28.57,68.9,5.01,241.29,acerola
109.08,59.28,62.69,30.96,62.56,6.7,136.12,acerola
97.94,78.35,43.63,24.55,83.63,5.2,147.33,acerola
105.99,65.91,47.06,16.63,63.45,5.48,192.22,acerola
113.79,65.22,54.37,17.36,72.15,6.84,86.59,acerola
71.59,68.79,63.72,23.83,52.2,6.35,118.47,bilberry
92.04,73.37,57.97,31.93,51.3,5.14,209.68,bilberry
62.57,44.73,72.28,26.68,66.04,6.7,226.11,bilberry
68.94,63.17,76.99,16.59,54.96,6.63,149.53,bilberry
115.08,41.83,68.05,18.09,56.03,5.12,118.39,bilberry
107.62,58.25,46.83,25.46,78.62,5.27,154.46,huckleberry
107.95,48.82,72.18,22.82,78.4,7.46,188.9,huckleberry
79.45,79.03,63.04,18.2,79.27,6.98,205.2,huckleberry
95.59,53.42,44.83,18.26,64.53,6.74,165.15,huckleberry
86.32,77.03,41.63,17.6,79.66,6.53,207.76,huckleberry
60.94,59.48,40.25,18.87,53.12,6.63,228.51,breadfruit
84.97,72.3,70.9,27.08,57.22,6.6,159.39,breadfruit
84.72,77.52,64.42,16.6,56.3,6.25,240.56,breadfruit
97.63,71.3,53.91,16.07,58.25,5.29,160.74,breadfruit
65.74,54.48,70.45,24.64,57.67,6.93,185.27,breadfruit
76.59,47.75,71.86,26.96,83.9,6.19,93.5,plantain
100.21,41.72,65.79,20.56,65.21,5.84,212.98,plantain
105.5,41.73,69.62,30.8,56.16,6.96,152.16,plantain
66.96,75.8,68.86,25.48,61.41,5.5,188.6,plantain
79.54,71.16,53.05,17.57,75.82,7.17,131.35,plantain
73.24,58.84,59.38,30.25,55.07,7.32,146.45,tamarind
83.24,45.46,68.79,26.11,84.14,5.51,84.17,tamarind
101.53,42.39,45.46,29.63,66.05,5.43,125.28,tamarind
113.18,64.15,71.58,26.21,71.4,5.42,244.33,tamarind
111.3,43.46,74.28,23.83,84.85,6.48,219.03,tamarind
76.75,69.2,69.45,19.95,61.46,6.45,229.45,bael
95.51,45.96,62.95,16.08,84.31,5.1,149.42,bael
106.12,41.34,61.24,23.67,77.93,7.05,145.96,bael
74.43,62.34,40.5,27.71,83.25,5.33,116.2,bael
98.86,43.63,59.19,20.88,74.62,7.14,201.98,bael
61.46,58.19,70.87,29.99,64.19,6.97,130.38,jamun
87.86,65.34,74.42,17.13,81.27,5.83,66.22,jamun
85.55,50.79,77.84,24.68,77.81,6.97,75.38,jamun
112.85,69.43,42.19,31.13,73.61,7.22,81.08,jamun
81.94,64.77,54.62,18.8,69.56,5.17,194.77,jamun
72.28,79.25,49.55,17.82,66.75,7.35,170.22,karonda
117.55,48.39,69.8,19.61,62.34,5.67,189.24,karonda
76.63,42.53,53.81,23.78,68.43,5.31,194.87,karonda
100.7,61.31,51.69,25.94,78.0,7.36,213.67,karonda
116.45,42.63,75.68,23.33,52.81,7.24,114.79,karonda
117.4,44.37,51.04,27.15,67.37,7.19,158.93,kokum
97.64,51.73,78.78,24.66,54.62,5.87,144.33,kokum
98.68,51.66,42.52,29.95,58.13,7.37,182.49,kokum
84.7,53.71,65.84,21.22,70.77,6.74,219.96,kokum
86.72,52.16,45.28,28.63,56.01,5.65,152.01,kokum
118.24,70.79,41.89,21.65,65.96,5.42,235.59,wood_apple
102.71,51.41,78.93,29.43,74.25,6.67,89.16,wood_apple
74.27,41.65,52.67,18.02,59.11,5.46,166.87,wood_apple
62.08,52.68,53.75,21.97,68.9,5.41,117.3,wood_apple
115.23,56.18,59.98,18.33,66.03,5.8,60.82,wood_apple
104.31,79.02,53.25,27.29,66.59,5.72,239.36,ber
118.84,62.95,45.88,25.04,81.74,6.11,190.94,ber
103.9,76.01,45.58,24.82,60.78,6.0,219.77,ber
86.76,43.7,42.2,26.26,70.42,5.56,237.78,ber
76.68,40.9,61.54,23.13,73.5,5.22,157.24,ber
71.67,52.71,64.2,31.09,81.8,5.9,88.11,phalsa
111.23,54.79,54.91,20.55,62.3,7.44,226.12,phalsa
65.26,69.11,57.77,31.88,78.13,5.72,213.08,phalsa
118.22,56.95,75.86,18.23,70.55,5.22,99.48,phalsa
88.48,74.7,79.47,17.06,83.6,6.89,76.81,phalsa
98.66,76.58,56.58,23.34,74.86,7.01,55.06,drumstick
83.02,55.27,62.15,15.63,78.92,7.17,73.43,drumstick
109.15,58.54,41.07,15.04,59.19,7.41,131.77,drumstick
103.08,66.15,75.71,21.26,67.22,6.88,66.92,drumstick
78.35,51.09,79.77,16.0,76.09,6.66,102.21,drumstick
130.78,65.12,59.04,25.41,54.19,6.53,103.28,ivy_gourd
129.17,46.51,42.34,19.8,80.74,5.77,57.96,ivy_gourd
89.09,56.78,76.48,20.34,60.14,6.56,142.99,ivy_gourd
105.97,70.66,47.33,16.42,76.34,6.59,135.97,ivy_gourd
127.88,67.4,52.04,25.28,74.09,5.69,103.81,ivy_gourd
127.63,40.52,60.73,20.6,66.97,6.18,140.19,pointed_gourd
77.17,46.18,48.84,17.83,81.4,6.73,131.46,pointed_gourd
106.8,61.28,62.04,26.34,53.99,6.42,48.4,pointed_gourd
127.32,76.94,59.18,19.67,62.69,7.13,137.87,pointed_gourd
111.84,70.54,53.68,25.65,51.01,7.13,64.46,pointed_gourd
129.98,45.69,49.06,16.88,54.56,5.66,115.99,spine_gourd
124.88,43.11,70.99,26.36,51.49,5.72,127.24,spine_gourd
105.94,42.37,44.76,18.8,52.32,6.84,123.0,spine_gourd
124.77,76.8,48.22,28.52,56.47,6.2,49.99,spine_gourd
129.21,77.67,77.95,20.22,55.62,6.5,120.14,spine_gourd
29.67,42.81,23.96,25.78,40.42,6.33,47.24,cluster_bean
31.27,56.07,41.49,29.74,42.96,6.32,75.38,cluster_bean
48.31,34.66,43.58,24.4,68.73,6.27,61.93,cluster_bean
35.18,28.57,29.1,21.13,69.54,6.19,39.93,cluster_bean
25.44,50.49,48.19,25.57,41.22,6.49,40.42,cluster_bean
31.34,44.02,32.48,29.76,53.32,6.83,56.15,broad_bean
54.21,27.55,22.78,28.41,54.27,7.02,46.14,broad_bean
59.95,39.67,24.21,24.38,59.76,6.13,42.9,broad_bean
36.02,43.62,24.07,29.25,69.34,6.1,117.77,broad_bean
33.55,43.8,59.63,21.23,65.14,7.09,55.07,broad_bean
48.54,43.28,30.92,27.89,59.31,6.6,72.82,yardlong_bean
44.13,36.18,39.38,22.79,63.04,6.16,52.56,yardlong_bean
39.89,45.13,25.38,21.0,41.59,6.1,91.03,yardlong_bean
58.88,35.31,47.17,21.53,58.66,6.14,36.89,yardlong_bean
50.06,50.7,51.71,22.02,59.86,6.74,53.55,yardlong_bean
33.74,54.39,41.86,29.53,40.95,6.65,112.34,fava_bean
35.35,32.58,35.05,24.6,40.99,6.83,107.43,fava_bean
32.12,48.24,39.66,21.34,61.47,6.73,39.84,fava_bean
47.0,46.4,47.41,25.72,54.28,7.28,75.6,fava_bean
35.66,39.79,58.83,26.17,50.58,7.47,58.84,fava_bean
21.13,21.8,53.48,23.49,62.26,6.04,110.22,lima_bean
33.65,23.89,33.81,23.57,50.54,6.99,52.29,lima_bean
45.92,43.7,56.42,20.66,49.15,6.51,31.77,lima_bean
33.04,38.44,54.53,25.68,67.04,6.4,92.64,lima_bean
43.52,59.43,35.11,23.9,57.18,7.21,39.01,lima_bean
47.0,33.44,40.11,27.65,50.19,6.92,62.7,adzuki_bean
37.44,39.88,53.89,27.87,65.21,6.8,55.86,adzuki_bean
21.9,59.85,36.08,22.26,62.29,6.14,105.98,adzuki_bean
23.79,33.47,22.69,28.01,54.26,6.31,101.61,adzuki_bean
46.06,32.07,52.17,24.33,56.2,6.3,66.21,adzuki_bean
113.75,58.13,70.54,17.71,50.65,6.91,134.9,mung_dal
110.38,48.52,78.48,26.13,66.36,7.37,98.6,mung_dal
113.01,70.76,57.35,23.49,71.94,6.54,80.07,mung_dal
80.34,46.02,67.41,19.5,65.24,6.14,131.32,mung_dal
74.51,48.14,56.5,27.36,72.61,6.01,106.14,mung_dal
98.41,44.54,47.68,18.68,78.95,6.43,101.58,urad_dal
100.53,65.88,41.48,17.39,54.78,6.02,128.39,urad_dal
116.11,47.04,74.1,29.46,67.0,5.54,134.55,urad_dal
75.88,64.06,74.69,28.51,64.25,6.23,112.32,urad_dal
76.32,77.73,68.97,17.11,53.92,6.97,142.62,urad_dal
106.54,73.16,77.99,28.97,58.81,7.27,66.19,masoor_dal
78.56,72.27,53.17,23.76,63.65,7.0,65.95,masoor_dal
99.6,45.77,47.01,29.55,65.38,6.01,104.84,masoor_dal
104.33,54.99,77.95,19.75,64.83,6.87,145.96,masoor_dal
131.56,77.48,54.52,25.74,78.75,5.54,146.35,masoor_dal
112.41,73.66,66.49,29.11,74.17,7.08,66.36,toor_dal
108.69,52.37,78.34,20.44,78.43,5.74,135.36,toor_dal
130.04,55.54,76.39,20.89,84.23,6.01,49.93,toor_dal
127.59,49.42,48.42,28.35,82.06,6.76,136.74,toor_dal
123.67,56.25,41.36,28.0,78.81,7.38,91.82,toor_dal
98.91,73.65,68.7,28.15,78.71,7.15,116.83,kulthi
105.44,54.07,64.08,27.2,75.82,6.41,43.01,kulthi
73.65,65.66,65.21,26.87,54.76,6.3,109.11,kulthi
91.96,43.29,46.31,22.75,83.94,7.16,123.95,kulthi
129.29,67.43,71.71,19.79,66.74,6.97,68.67,kulthi
47.5,53.07,51.98,21.99,52.43,6.27,108.88,moth_bean
57.79,55.37,28.98,29.48,67.69,6.97,86.4,moth_bean
56.27,58.97,27.93,27.01,45.06,6.6,68.6,moth_bean
30.41,23.56,34.72,29.47,43.52,7.08,69.16,moth_bean
56.8,38.15,46.94,21.19,61.41,6.29,107.57,moth_bean
51.28,31.52,39.77,21.3,65.69,6.9,119.57,ricebean
31.32,47.09,36.73,24.09,44.38,6.44,53.56,ricebean
44.71,56.29,34.79,26.84,53.74,6.02,41.99,ricebean
32.93,47.72,47.47,27.13,61.25,7.1,53.06,ricebean
23.81,22.35,33.31,22.35,67.25,7.5,114.54,ricebean
58.69,43.93,49.93,20.46,47.61,6.93,57.23,winged_bean
35.79,34.84,58.72,25.6,57.41,6.39,75.34,winged_bean
57.21,55.12,25.28,23.17,55.91,6.21,40.52,winged_bean
21.77,25.11,54.87,28.35,62.43,7.39,55.46,winged_bean
55.08,44.52,50.46,22.64,49.39,7.34,58.4,winged_bean
139.62,70.55,46.05,27.8,73.01,7.1,45.85,bambara_groundnut
80.4,49.19,41.43,18.9,74.71,6.37,149.47,bambara_groundnut
134.9,41.63,54.26,25.64,66.98,6.49,133.04,bambara_groundnut
130.68,44.95,43.74,28.02,56.32,5.84,95.96,bambara_groundnut
89.1,75.64,63.43,23.75,84.01,6.55,102.79,bambara_groundnut
99.15,43.07,70.73,25.15,81.06,5.55,114.94,lupin
117.64,55.77,63.61,29.27,79.29,5.81,48.92,lupin
128.15,66.38,58.16,29.33,70.8,5.51,146.67,lupin
115.93,78.04,53.0,25.97,75.7,7.41,102.61,lupin
84.8,41.95,65.75,19.85,51.94,5.64,144.71,lupin
82.88,45.95,37.12,29.58,75.97,5.68,176.38,quinoa
69.78,61.18,41.4,27.03,69.62,5.74,118.54,quinoa
85.94,62.25,42.4,26.22,53.94,6.83,173.13,quinoa
90.76,49.58,65.42,23.72,66.89,6.35,161.04,quinoa
108.66,54.55,47.36,23.11,51.21,6.18,114.16,quinoa
73.45,57.45,36.2,23.94,68.89,6.55,86.51,buckwheat
86.24,66.29,49.1,19.78,53.83,7.31,174.65,buckwheat
91.39,41.82,31.91,18.92,51.35,5.72,107.99,buckwheat
65.67,56.43,52.74,21.04,57.65,5.66,120.55,buckwheat
66.84,56.46,37.18,20.19,61.79,5.67,180.28,buckwheat
77.86,53.49,48.2,26.04,68.71,6.03,194.68,teff
112.28,37.49,37.4,26.96,68.12,7.24,57.01,teff
92.06,30.23,34.67,20.06,64.31,6.88,179.0,teff
117.95,54.08,49.47,25.42,79.22,6.22,147.81,teff
101.42,45.8,42.11,19.5,50.42,5.72,42.54,teff
118.23,64.36,38.37,25.78,69.49,6.37,140.17,fonio
107.4,37.64,42.04,23.56,64.22,5.54,66.58,fonio
69.15,58.1,68.55,23.66,75.79,6.67,72.21,fonio
94.17,63.35,32.04,18.09,68.91,6.93,196.72,fonio
110.92,59.48,53.83,24.65,58.72,6.47,117.78,fonio
95.46,54.46,57.15,27.8,64.64,6.93,124.53,amaranth_grain
85.32,42.63,32.54,28.71,62.51,6.45,119.17,amaranth_grain
116.34,43.87,57.9,18.25,58.64,5.88,95.02,amaranth_grain
73.93,38.79,66.36,22.07,68.06,7.18,145.11,amaranth_grain
67.87,41.74,58.46,29.52,74.99,6.85,157.53,amaranth_grain
79.8,56.99,58.78,26.71,48.47,7.12,90.04,chia
46.45,32.98,49.23,19.41,52.48,7.49,57.33,chia
50.47,26.88,25.73,30.33,50.71,6.24,104.52,chia
84.72,26.28,27.55,24.03,58.53,6.18,50.17,chia
52.89,38.61,39.21,18.65,66.33,6.4,43.61,chia
74.51,45.62,51.78,27.89,67.8,6.66,71.14,hemp_seed
82.08,29.44,29.24,26.55,63.46,7.42,104.12,hemp_seed
42.1,29.22,50.2,30.19,67.33,6.24,56.29,hemp_seed
62.08,45.24,54.3,19.39,59.41,6.5,42.4,hemp_seed
82.43,42.56,41.63,28.77,47.36,7.21,60.72,hemp_seed
65.25,28.41,39.9,28.57,50.82,7.0,43.65,flax_seed
77.68,41.87,34.13,29.22,52.4,6.61,71.29,flax_seed
82.62,56.78,39.47,18.42,44.37,6.01,102.56,flax_seed
87.18,28.39,37.59,31.75,44.93,6.09,98.33,flax_seed
73.01,50.66,61.1,18.81,58.95,7.07,89.43,flax_seed
106.38,51.83,56.08,25.21,69.38,6.11,121.7,mustard_greens
133.65,40.32,51.19,22.92,82.22,6.9,89.08,mustard_greens
84.36,61.78,71.53,24.78,74.41,7.28,125.97,mustard_greens
98.32,47.89,52.06,15.55,61.71,6.95,121.41,mustard_greens
78.82,79.68,51.36,16.39,69.31,6.54,123.28,mustard_greens
81.2,41.12,71.86,23.89,58.45,7.05,119.92,turnip_greens
139.09,44.42,42.4,20.59,71.94,6.21,45.25,turnip_greens
115.57,44.99,51.92,26.05,65.86,7.47,128.59,turnip_greens
139.23,62.62,75.77,24.42,68.67,6.69,78.54,turnip_greens
89.92,71.39,68.59,25.09,75.0,6.54,67.24,turnip_greens
